<pretty-config xmlns="http://ocpsoft.org/schema/rewrite-config-prettyfaces"
               xmlns:xsi="http://www.w3.org/2001/XMLSchema-instance"
               xsi:schemaLocation="http://ocpsoft.org/schema/rewrite-config-prettyfaces
                      http://ocpsoft.org/xml/ns/prettyfaces/rewrite-config-prettyfaces.xsd">

    <url-mapping id="register">
        <pattern value="/register"/>
        <view-id value="/faces/view/register.xhtml"/>
    </url-mapping>

    <url-mapping id="login">
        <pattern value="/login"/>
        <view-id value="/faces/view/login.xhtml"/>
    </url-mapping>

    <url-mapping id="home">
        <pattern value="/home"/>
        <view-id value="/faces/view/home.xhtml"/>
    </url-mapping>

    <url-mapping id="index">
        <pattern value="/index"/>
        <view-id value="/faces/view/index.xhtml"/>
    </url-mapping>

    <url-mapping id="profile">
        <pattern value="/profile/#{id}"/>
        <view-id value="/faces/view/profile.xhtml"/>
    </url-mapping>

    <url-mapping id="schedule">
        <pattern value="/schedule"/>
        <view-id value="/faces/view/schedule.xhtml"/>
    </url-mapping>

    <url-mapping id="details">
        <pattern value="/details"/>
        <view-id value="/faces/view/details.xhtml"/>
    </url-mapping>

    <url-mapping id="delete">
        <pattern value="/delete"/>
        <view-id value="/faces/view/delete.xhtml"/>
    </url-mapping>

</pretty-config>